player_id,player_name,team,fga_rim,fgm_rim,fga_paint_non_ra,fgm_paint_non_ra,fga_midrange,fgm_midrange,fga_corner3,fgm_corner3,fga_above_break3,fgm_above_break3,total_fga,total_fgm,assisted_fgm,unassisted_fgm,ppg,rpg,apg
1630639,A.J. Lawson,TOR,27,14,6,1,0,0,32.0,14.0,13,5,78.0,34.0,33.0,1.0,4.2,1.8,0.3
1631260,AJ Green,MIL,19,11,19,10,26,9,152.0,74.0,402,158,618.0,262.0,236.0,26.0,10.4,2.7,1.9
1642358,AJ Johnson,DAL,77,33,38,12,4,0,11.0,3.0,46,9,176.0,57.0,25.0,32.0,3.3,1.1,1.0
203932,Aaron Gordon,DEN,129,97,62,20,50,20,46.0,20.0,111,41,398.0,198.0,140.0,58.0,16.2,5.8,2.7
1628988,Aaron Holiday,HOU,22,13,44,21,16,4,53.0,25.0,117,42,252.0,105.0,72.0,33.0,5.5,1.0,1.1
1630174,Aaron Nesmith,IND,95,50,83,33,57,24,80.0,35.0,197,70,512.0,212.0,188.0,24.0,13.8,4.2,1.9
1630598,Aaron Wiggins,OKC,151,91,90,35,25,9,84.0,31.0,186,65,536.0,231.0,157.0,74.0,9.4,3.1,1.7
1642846,Ace Bailey,UTA,177,119,119,67,198,72,112.0,35.0,286,102,892.0,395.0,301.0,94.0,13.8,4.2,1.8
1642380,Adama Bal,MEM,12,8,9,2,3,0,14.0,5.0,30,13,68.0,28.0,22.0,6.0,10.4,3.1,2.4
1641737,Adem Bona,PHI,184,118,29,11,1,0,5.0,1.0,1,1,220.0,131.0,78.0,53.0,4.8,4.3,0.5
1642876,Adou Thiero,LAL,20,13,8,2,0,0,0.0,0.0,3,1,31.0,16.0,14.0,2.0,1.9,1.1,0.4
1642349,Ajay Mitchell,OKC,170,113,197,99,47,13,50.0,21.0,126,40,590.0,286.0,121.0,165.0,13.6,3.3,3.6
201143,Al Horford,GSW,46,29,57,28,16,7,48.0,18.0,157,56,324.0,138.0,118.0,20.0,8.3,4.9,2.6
1630828,Alex Antetokounmpo,MIL,0,0,0,0,1,1,3.0,1.0,4,1,8.0,3.0,3.0,0.0,3.2,1.0,0.2
1627936,Alex Caruso,OKC,80,59,30,9,9,6,82.0,19.0,99,34,300.0,127.0,103.0,24.0,6.2,2.8,2.0
1631457,Alex Morales,ORL,4,2,1,0,1,1,1.0,0.0,0,0,7.0,3.0,0.0,3.0,2.0,0.8,1.0
1642259,Alex Sarr,WAS,230,162,206,81,70,23,11.0,4.0,139,46,656.0,316.0,225.0,91.0,16.3,7.4,2.7
1642918,Alijah Martin,TOR,17,8,11,4,1,0,5.0,0.0,16,4,50.0,16.0,11.0,5.0,2.2,0.9,0.5
1631214,Alondes Williams,WAS,10,10,1,1,1,0,4.0,1.0,10,4,26.0,16.0,13.0,3.0,11.0,6.3,3.0
1630578,Alperen Sengun,HOU,436,297,446,207,110,39,7.0,3.0,124,37,1123.0,583.0,262.0,321.0,20.4,8.9,6.2
1642873,Amari Williams,BOS,14,9,5,1,1,0,0.0,0.0,0,0,20.0,10.0,8.0,2.0,1.4,1.8,0.5
1641708,Amen Thompson,HOU,509,365,311,137,108,30,71.0,17.0,44,8,1043.0,557.0,306.0,251.0,18.3,7.8,5.3
1629599,Amir Coffey,PHX,23,20,23,9,18,9,25.0,8.0,24,9,113.0,55.0,38.0,17.0,3.2,1.2,0.6
1643158,Andersson Garcia,UTA,11,5,5,3,0,0,5.0,0.0,8,1,29.0,9.0,6.0,3.0,5.2,8.4,2.8
203083,Andre Drummond,PHI,196,106,47,21,4,0,77.0,29.0,13,3,337.0,159.0,96.0,63.0,6.4,8.4,1.3
1641748,Andre Jackson Jr.,MIL,33,19,22,5,4,0,26.0,6.0,34,9,119.0,39.0,27.0,12.0,2.4,1.5,0.9
1629614,Andrew Nembhard,IND,134,84,144,70,179,72,26.0,6.0,270,101,753.0,333.0,151.0,182.0,16.9,2.8,7.7
203952,Andrew Wiggins,MIA,226,150,163,61,99,41,84.0,40.0,249,98,821.0,390.0,246.0,144.0,15.4,4.8,2.7
1629014,Anfernee Simons,CHI,59,40,108,59,102,40,37.0,16.0,342,130,648.0,285.0,126.0,159.0,14.3,2.5,2.4
1641710,Anthony Black,ORL,257,170,157,57,58,18,91.0,36.0,208,63,771.0,344.0,228.0,116.0,15.0,3.8,3.7
203076,Anthony Davis,WAS,141,93,82,38,74,28,6.0,2.0,31,8,334.0,169.0,98.0,71.0,20.4,11.1,2.8
1630162,Anthony Edwards,MIN,272,194,207,100,238,103,52.0,24.0,462,181,1231.0,602.0,235.0,367.0,28.8,5.0,3.7
1630264,Anthony Gill,WAS,110,92,50,21,7,5,19.0,8.0,29,9,215.0,135.0,104.0,31.0,5.8,2.9,1.3
1641810,Antonio Reeves,CHA,4,2,1,0,2,1,6.0,4.0,7,3,20.0,10.0,9.0,1.0,2.7,0.8,0.3
1630574,Ariel Hukporti,NYK,49,36,26,8,1,0,0.0,0.0,4,1,80.0,45.0,39.0,6.0,2.2,2.9,0.5
1642854,Asa Newell,ATL,75,52,19,10,0,0,48.0,19.0,27,10,169.0,91.0,71.0,20.0,5.2,2.2,0.6
1641709,Ausar Thompson,DET,318,212,197,75,38,10,13.0,3.0,11,3,577.0,303.0,191.0,112.0,9.9,5.7,3.1
1630559,Austin Reaves,LAL,176,132,210,103,48,20,46.0,19.0,282,99,762.0,373.0,164.0,209.0,23.3,4.7,5.5
1630245,Ayo Dosunmu,MIN,313,195,120,51,34,17,79.0,33.0,200,89,746.0,385.0,249.0,136.0,14.8,3.4,3.6
1628389,Bam Adebayo,MIA,287,196,327,136,131,47,132.0,42.0,268,85,1145.0,506.0,354.0,152.0,20.1,10.0,3.2
1631248,Baylor Scheierman,BOS,28,20,39,21,23,13,88.0,42.0,155,55,333.0,151.0,129.0,22.0,5.5,3.5,1.5
1642879,Ben Saraf,BKN,129,74,77,27,7,0,17.0,3.0,73,16,303.0,120.0,52.0,68.0,7.5,2.1,3.3
1641767,Ben Sheppard,IND,105,64,27,11,23,9,84.0,33.0,148,51,387.0,168.0,145.0,23.0,7.1,3.0,1.8
1631097,Bennedict Mathurin,LAC,189,122,129,46,121,48,37.0,18.0,201,57,677.0,291.0,172.0,119.0,17.6,5.4,2.4
1643016,Bez Mbeng,UTA,43,30,26,14,0,0,12.0,0.0,19,6,100.0,50.0,36.0,14.0,8.1,3.8,4.1
1641731,Bilal Coulibaly,WAS,188,122,109,30,40,13,70.0,31.0,134,34,541.0,230.0,127.0,103.0,11.7,4.3,2.6
202687,Bismack Biyombo,SAS,11,8,4,1,0,0,0.0,0.0,0,0,15.0,9.0,7.0,2.0,0.9,1.0,0.2
1642396,Blake Hinson,UTA,22,16,6,3,8,3,33.0,21.0,46,16,115.0,59.0,54.0,5.0,11.9,2.4,1.1
1631104,Blake Wesley,POR,54,38,18,5,16,3,10.0,3.0,26,7,124.0,56.0,28.0,28.0,4.8,1.3,2.0
1626171,Bobby Portis Jr.,MIL,101,66,139,64,214,101,118.0,57.0,178,78,750.0,366.0,277.0,89.0,13.7,6.4,1.6
1641752,Bobi Klintman,DET,6,3,6,2,2,0,4.0,0.0,9,4,27.0,9.0,8.0,1.0,1.8,1.6,0.5
203992,Bogdan Bogdanović,LAC,20,11,19,7,18,8,11.0,6.0,84,27,152.0,59.0,28.0,31.0,7.4,2.6,2.2
1630538,Bones Hyland,MIN,103,67,31,13,35,16,48.0,23.0,251,93,468.0,212.0,121.0,91.0,8.5,1.8,2.6
203078,Bradley Beal,LAC,9,6,12,3,8,2,4.0,1.0,15,6,48.0,18.0,15.0,3.0,8.2,0.8,1.7
1642382,Branden Carlson,OKC,79,61,19,6,2,0,15.0,5.0,71,26,186.0,98.0,87.0,11.0,5.8,3.0,0.7
1641764,Brandin Podziemski,GSW,171,118,170,79,113,44,63.0,37.0,349,116,866.0,394.0,258.0,136.0,13.8,5.1,3.7
1629634,Brandon Clarke,MEM,5,2,4,1,0,0,0.0,0.0,0,0,9.0,3.0,2.0,1.0,4.0,3.0,0.5
1627742,Brandon Ingram,TOR,221,149,295,133,418,197,92.0,48.0,262,87,1288.0,614.0,329.0,285.0,21.5,5.6,3.7
1641706,Brandon Miller,CHA,156,105,244,104,111,41,69.0,30.0,464,174,1044.0,454.0,285.0,169.0,20.2,4.9,3.3
1630314,Brandon Williams,DAL,250,160,147,66,65,29,42.0,9.0,112,27,616.0,291.0,111.0,180.0,13.0,2.9,3.9
1641729,Brice Sensabaugh,UTA,135,94,194,101,86,37,108.0,51.0,334,111,857.0,394.0,288.0,106.0,14.9,3.1,1.9
1642355,Bronny James,LAL,16,13,20,6,22,6,8.0,2.0,49,20,115.0,47.0,30.0,17.0,2.9,0.5,1.2
201572,Brook Lopez,LAC,92,58,96,47,37,13,47.0,21.0,270,93,542.0,232.0,185.0,47.0,8.5,3.6,1.3
1642964,Brooks Barnhizer,OKC,23,13,16,4,8,3,12.0,5.0,12,2,71.0,27.0,17.0,10.0,1.7,2.0,0.6
1628971,Bruce Brown,DEN,212,143,126,38,36,10,82.0,37.0,66,20,522.0,248.0,160.0,88.0,7.9,3.9,2.1
1631121,Bryce McGowens,NOP,89,51,44,21,11,4,41.0,17.0,52,21,237.0,114.0,81.0,33.0,8.1,2.1,1.5
1642267,Bub Carrington,WAS,57,28,97,38,173,79,56.0,23.0,358,146,741.0,314.0,160.0,154.0,10.7,3.4,4.6
1631205,Buddy Boeheim,OKC,0,0,0,0,0,0,4.0,2.0,2,0,6.0,2.0,2.0,0.0,1.5,0.0,0.0
1627741,Buddy Hield,ATL,69,51,20,10,26,8,51.0,20.0,161,54,327.0,143.0,110.0,33.0,7.6,2.3,1.4
1643047,CJ Huntley,PHX,7,5,0,0,1,1,1.0,0.0,2,0,11.0,6.0,6.0,0.0,3.0,1.3,0.5
203468,CJ McCollum,ATL,203,127,232,109,209,98,78.0,28.0,432,163,1154.0,525.0,243.0,282.0,18.7,3.3,3.9
1630595,Cade Cunningham,DET,311,196,331,139,181,88,18.0,7.0,348,118,1189.0,548.0,184.0,364.0,23.9,5.5,9.9
1631216,Caleb Houstan,ATL,3,2,1,0,1,1,7.0,4.0,14,7,26.0,14.0,14.0,0.0,2.3,0.6,0.2
1631126,Caleb Love,POR,90,54,68,25,40,18,37.0,8.0,255,85,490.0,190.0,117.0,73.0,10.4,2.3,2.5
1628997,Caleb Martin,DAL,68,47,34,9,30,9,38.0,14.0,19,6,189.0,85.0,56.0,29.0,3.9,2.5,1.4
1642353,Cam Christie,LAC,43,26,37,9,10,6,14.0,5.0,35,7,139.0,53.0,42.0,11.0,2.8,1.4,0.6
1642285,Cam Spencer,MEM,44,29,102,46,85,42,34.0,17.0,291,129,556.0,263.0,162.0,101.0,11.1,2.5,5.6
1630560,Cam Thomas,MIL,75,43,110,50,108,44,23.0,8.0,144,44,460.0,189.0,75.0,114.0,13.5,1.7,2.6
1641715,Cam Whitmore,WAS,73,52,26,5,14,4,4.0,0.0,52,16,169.0,77.0,46.0,31.0,9.2,2.8,0.7
1629661,Cameron Johnson,DEN,114,79,58,21,47,18,91.0,44.0,165,66,475.0,228.0,188.0,40.0,12.2,3.8,2.4
1626166,Cameron Payne,PHI,20,10,23,11,9,3,4.0,1.0,93,31,149.0,56.0,23.0,33.0,7.4,2.0,2.6
1627747,Caris LeVert,DET,99,61,80,30,32,12,40.0,17.0,140,43,391.0,163.0,92.0,71.0,7.4,2.0,2.7
1642868,Carter Bryant,SAS,79,47,23,7,8,2,72.0,20.0,83,32,265.0,108.0,88.0,20.0,4.2,2.5,0.7
1641717,Cason Wallace,OKC,195,118,81,25,20,8,98.0,36.0,190,65,584.0,252.0,172.0,80.0,8.6,3.1,2.6
1642907,Cedric Coward,MEM,177,129,148,69,48,14,74.0,18.0,201,75,648.0,305.0,187.0,118.0,13.6,5.9,2.8
1643052,Chaney Johnson,BKN,44,31,14,6,6,5,5.0,2.0,25,7,94.0,51.0,28.0,23.0,8.2,4.6,2.1
1629646,Charles Bassey,GSW,29,21,16,9,2,1,0.0,0.0,0,0,47.0,31.0,22.0,9.0,5.8,4.4,0.5
1642404,Chaz Lanier,DET,2,1,5,2,15,6,18.0,3.0,49,16,89.0,28.0,25.0,3.0,2.4,0.7,0.5
1631096,Chet Holmgren,OKC,311,239,159,74,66,33,51.0,16.0,192,72,779.0,434.0,303.0,131.0,17.1,8.9,1.7
1628449,Chris Boucher,BOS,7,5,2,1,1,0,3.0,0.0,12,2,25.0,8.0,6.0,2.0,2.3,2.0,0.3
1641753,Chris Livingston,CLE,3,3,1,1,0,0,3.0,0.0,0,0,7.0,4.0,3.0,1.0,3.0,1.0,0.3
1643024,Chris Mañon,LAL,2,2,1,0,0,0,1.0,0.0,2,0,6.0,2.0,1.0,1.0,0.8,1.1,0.3
101108,Chris Paul,LAC,4,3,11,2,11,3,4.0,2.0,26,8,56.0,18.0,6.0,12.0,2.9,1.8,3.3
1642959,Chris Youngblood,POR,2,2,4,1,3,1,15.0,5.0,39,13,63.0,22.0,21.0,1.0,2.1,0.8,0.4
1631128,Christian Braun,DEN,189,135,38,19,19,5,67.0,24.0,76,19,389.0,202.0,171.0,31.0,12.0,4.8,2.7
1631132,Christian Koloko,ATL,42,24,18,4,5,2,4.0,0.0,5,1,74.0,31.0,26.0,5.0,2.7,3.0,0.7
1642935,Chucky Hepburn,TOR,0,0,0,0,1,0,0.0,0.0,5,0,6.0,0.0,0.0,0.0,0.0,0.5,1.0
203991,Clint Capela,HOU,167,98,56,19,2,0,1.0,1.0,1,0,227.0,118.0,74.0,44.0,3.8,4.6,0.7
1629632,Coby White,CHA,170,106,77,33,58,24,37.0,14.0,281,101,623.0,278.0,139.0,139.0,17.4,3.4,4.0
1628998,Cody Martin,IND,1,1,3,1,1,0,2.0,0.0,3,0,10.0,2.0,1.0,1.0,1.8,3.5,0.5
1642262,Cody Williams,UTA,177,120,129,58,72,32,83.0,22.0,48,6,509.0,238.0,182.0,56.0,8.8,3.0,2.0
1641732,Colby Jones,DET,0,0,1,1,0,0,,,0,0,1.0,1.0,0.0,1.0,2.0,4.0,2.0
1630175,Cole Anthony,MIL,45,24,80,37,34,15,17.0,7.0,55,15,231.0,98.0,32.0,66.0,6.7,2.5,3.5
1630658,Colin Castleton,ORL,1,1,4,1,0,0,0.0,0.0,0,0,5.0,2.0,1.0,1.0,1.3,2.0,0.3
1631221,Collin Gillespie,PHX,58,28,109,54,97,38,90.0,40.0,488,192,842.0,352.0,218.0,134.0,12.7,4.1,4.6
1642867,Collin Murray-Boyles,TOR,232,161,39,15,21,5,15.0,3.0,35,14,342.0,198.0,169.0,29.0,8.5,5.0,1.9
1629012,Collin Sexton,CHI,245,158,151,65,67,25,56.0,26.0,223,86,742.0,360.0,183.0,177.0,15.4,2.3,3.3
1642843,Cooper Flagg,DAL,330,217,377,178,242,92,32.0,8.0,213,64,1194.0,559.0,247.0,312.0,21.0,6.7,4.5
1630557,Corey Kispert,ATL,110,75,43,21,4,1,50.0,19.0,187,68,394.0,184.0,157.0,27.0,9.2,2.3,1.6
1642504,Cormac Ryan,MIL,26,18,12,7,5,1,15.0,5.0,44,22,102.0,53.0,34.0,19.0,14.3,2.5,1.7
1641854,Craig Porter Jr.,CLE,74,51,74,23,17,9,34.0,14.0,59,19,258.0,116.0,71.0,45.0,4.5,3.4,3.2
1642938,Curtis Jones,DEN,2,1,5,2,2,2,2.0,1.0,16,5,27.0,11.0,8.0,3.0,2.9,1.1,1.0
1626156,D'Angelo Russell,WAS,27,17,58,26,35,18,18.0,2.0,94,31,232.0,94.0,43.0,51.0,10.2,2.3,4.0
1629610,DaQuan Jeffries,SAC,8,5,2,2,0,0,4.0,3.0,5,1,19.0,11.0,10.0,1.0,10.3,1.7,0.3
1641747,DaRon Holmes II,DEN,12,8,2,1,2,2,11.0,6.0,34,14,61.0,31.0,31.0,0.0,3.7,1.4,0.6
1631342,Daeqwon Plowden,SAC,51,43,39,13,3,2,49.0,12.0,137,50,279.0,120.0,102.0,18.0,10.8,3.0,1.3
1630625,Dalano Banton,BOS,3,2,6,0,2,2,0.0,0.0,1,0,12.0,4.0,1.0,3.0,2.0,0.8,1.8
1631207,Dalen Terry,PHI,60,36,24,7,5,1,33.0,14.0,33,10,155.0,68.0,44.0,24.0,3.7,1.8,1.4
1642261,Dalton Knecht,LAL,36,26,32,18,12,5,30.0,10.0,81,28,191.0,87.0,70.0,17.0,4.2,1.4,0.4
1629655,Daniel Gafford,DAL,252,176,58,29,6,2,0.0,0.0,0,0,316.0,207.0,133.0,74.0,9.5,6.9,1.1
1642450,Daniss Jenkins,DET,135,77,140,42,98,40,50.0,20.0,144,52,567.0,231.0,112.0,119.0,9.3,2.3,3.9
1642874,Danny Wolf,BKN,156,85,59,23,14,2,55.0,19.0,156,49,440.0,178.0,129.0,49.0,8.9,4.9,2.2
203967,Dario Saric,SAC,2,0,0,0,1,0,2.0,1.0,1,0,6.0,1.0,1.0,0.0,1.0,1.2,0.4
1641727,Dariq Whitehead,MEM,16,9,12,6,5,3,11.0,3.0,49,16,93.0,37.0,34.0,3.0,16.3,4.0,1.5
1642468,Darius Brown II,CLE,0,0,0,0,1,0,,,0,0,1.0,0.0,0.0,0.0,0.0,1.0,0.0
1629636,Darius Garland,LAC,130,78,164,80,70,29,36.0,17.0,272,105,672.0,309.0,124.0,185.0,18.8,2.4,6.7
1642357,David Jones Garcia,SAS,14,6,6,4,0,0,0.0,0.0,5,3,25.0,13.0,3.0,10.0,2.9,1.2,1.6
1631223,David Roddy,DEN,16,10,3,2,0,0,3.0,1.0,8,2,30.0,15.0,6.0,9.0,8.0,4.0,0.8
1630558,Davion Mitchell,MIA,140,90,129,67,36,14,29.0,8.0,199,82,533.0,261.0,136.0,125.0,9.3,2.7,6.5
1630549,Day'Ron Sharpe,BKN,239,173,74,32,4,0,13.0,5.0,26,4,356.0,214.0,119.0,95.0,8.7,6.7,2.3
1628368,De'Aaron Fox,SAS,237,163,276,153,139,62,88.0,43.0,307,88,1047.0,509.0,206.0,303.0,18.6,3.8,6.2
1629631,De'Andre Hunter,SAC,77,49,103,49,75,35,57.0,22.0,189,53,501.0,208.0,152.0,56.0,13.7,4.1,2.0
1629001,De'Anthony Melton,GSW,128,77,124,52,31,14,59.0,20.0,186,52,528.0,215.0,123.0,92.0,12.3,3.2,2.6
201599,DeAndre Jordan,NOP,28,19,3,2,1,0,0.0,0.0,0,0,32.0,21.0,13.0,8.0,4.4,6.3,0.9
1630610,DeJon Jarreau,MEM,29,16,17,11,7,2,8.0,1.0,22,3,83.0,33.0,20.0,13.0,8.0,4.6,3.3
201942,DeMar DeRozan,SAC,117,85,253,134,487,232,56.0,20.0,92,28,1005.0,499.0,232.0,267.0,18.4,2.9,4.1
1629731,Dean Wade,CLE,64,41,10,7,8,3,79.0,31.0,117,40,278.0,122.0,107.0,15.0,5.8,4.2,1.5
1629028,Deandre Ayton,LAL,312,250,252,138,37,15,0.0,0.0,0,0,601.0,403.0,323.0,80.0,12.5,8.0,0.8
1627749,Dejounte Murray,NOP,48,29,50,28,22,12,10.0,2.0,52,17,182.0,88.0,28.0,60.0,16.7,5.4,6.4
1630166,Deni Avdija,POR,385,253,235,92,51,22,47.0,17.0,346,108,1064.0,492.0,242.0,250.0,24.2,6.9,6.7
203471,Dennis Schröder,CLE,131,73,152,62,118,45,37.0,15.0,191,60,629.0,255.0,103.0,152.0,10.8,2.7,4.9
1641726,Dereck Lively II,DAL,16,10,2,1,0,0,0.0,0.0,0,0,18.0,11.0,8.0,3.0,4.3,5.3,1.9
1642852,Derik Queen,NOP,374,226,197,74,89,31,31.0,9.0,57,14,748.0,354.0,155.0,199.0,11.7,7.1,3.7
1627884,Derrick Jones Jr.,LAC,155,108,65,24,6,2,74.0,26.0,79,29,379.0,189.0,151.0,38.0,10.1,3.5,1.4
1628401,Derrick White,BOS,108,77,208,85,152,66,78.0,31.0,562,178,1108.0,437.0,258.0,179.0,16.5,4.4,5.4
1630217,Desmond Bane,ORL,362,223,265,120,151,73,87.0,38.0,340,129,1205.0,583.0,352.0,231.0,20.1,4.1,4.1
1626164,Devin Booker,PHX,195,129,308,146,325,149,32.0,11.0,337,111,1197.0,546.0,220.0,326.0,26.1,3.9,6.0
1642269,Devin Carter,SAC,88,55,79,34,11,2,12.0,4.0,102,26,292.0,121.0,50.0,71.0,8.9,3.3,2.7
1630170,Devin Vassell,SAS,75,46,86,39,162,79,133.0,54.0,299,112,755.0,330.0,270.0,60.0,13.9,4.0,2.5
1628415,Dillon Brooks,PHX,112,72,249,124,229,94,60.0,19.0,309,108,959.0,417.0,181.0,236.0,20.2,3.6,1.8
1641794,Dillon Jones,NYK,2,1,0,0,2,0,1.0,1.0,4,0,9.0,2.0,1.0,1.0,1.3,1.0,0.6
1627734,Domantas Sabonis,SAC,125,82,60,27,9,6,6.0,1.0,21,4,221.0,120.0,83.0,37.0,15.8,11.4,4.1
1631230,Dominick Barlow,PHI,228,163,76,28,14,3,65.0,16.0,16,5,399.0,215.0,150.0,65.0,7.7,4.8,1.2
1642270,Donovan Clingan,POR,368,242,60,25,10,5,18.0,3.0,228,81,684.0,356.0,235.0,121.0,12.1,11.6,2.1
1628378,Donovan Mitchell,CLE,311,204,306,166,170,84,80.0,30.0,536,194,1403.0,678.0,261.0,417.0,27.9,4.5,5.7
1628978,Donte DiVincenzo,MIN,113,64,58,19,20,12,162.0,61.0,482,183,835.0,339.0,280.0,59.0,12.2,4.1,3.8
1627827,Dorian Finney-Smith,HOU,25,15,6,2,1,0,42.0,9.0,58,18,132.0,44.0,35.0,9.0,3.3,2.5,1.0
203926,Doug McDermott,SAC,4,2,9,3,3,1,23.0,16.0,100,32,139.0,54.0,52.0,2.0,5.7,1.3,0.8
1642962,Drake Powell,BKN,80,55,55,18,41,20,51.0,17.0,131,34,358.0,144.0,87.0,57.0,6.5,1.8,1.4
203110,Draymond Green,GSW,120,84,46,16,15,4,108.0,42.0,202,59,491.0,205.0,187.0,18.0,8.4,5.5,5.5
1629234,Drew Eubanks,SAC,63,49,76,41,10,2,5.0,1.0,2,0,156.0,93.0,77.0,16.0,5.2,3.0,0.5
1641809,Drew Peterson,CHA,3,2,1,0,0,0,5.0,0.0,7,0,16.0,2.0,1.0,1.0,0.8,1.5,0.3
1631166,Drew Timme,LAL,16,11,17,12,8,4,9.0,5.0,16,6,66.0,38.0,29.0,9.0,3.4,1.2,0.9
1630696,Dru Smith,MIA,96,57,88,33,12,7,50.0,15.0,79,23,325.0,135.0,80.0,55.0,5.6,2.5,2.6
1629130,Duncan Robinson,DET,73,52,71,39,18,7,149.0,58.0,387,162,698.0,318.0,288.0,30.0,12.2,2.7,2.1
1641871,Duop Reath,POR,14,9,5,1,0,0,22.0,10.0,33,13,74.0,33.0,29.0,4.0,2.9,1.2,0.3
203939,Dwight Powell,DAL,85,59,8,3,1,1,5.0,2.0,2,0,101.0,65.0,53.0,12.0,3.3,4.1,1.1
1642928,Dylan Cardwell,SAC,94,72,71,27,10,4,3.0,1.0,1,1,179.0,105.0,76.0,29.0,5.4,7.5,1.4
1642844,Dylan Harper,SAS,299,190,114,51,65,29,41.0,17.0,136,44,655.0,331.0,148.0,183.0,11.8,3.4,3.9
1630700,Dyson Daniels,ATL,375,254,268,119,17,7,40.0,8.0,77,14,777.0,402.0,240.0,162.0,11.9,6.8,5.9
1630604,E.J. Liddell,BKN,23,18,30,15,6,3,21.0,9.0,31,9,111.0,54.0,36.0,18.0,5.7,2.7,0.9
1642856,Egor Dëmin,BKN,60,33,36,14,31,8,52.0,24.0,270,100,449.0,179.0,130.0,49.0,10.3,3.2,3.3
1641989,Elijah Harkless,UTA,43,23,19,7,11,3,30.0,9.0,58,12,161.0,54.0,34.0,20.0,6.8,2.0,2.9
1641801,Emanuel Miller,SAS,3,1,3,2,1,1,2.0,2.0,4,0,13.0,6.0,6.0,0.0,3.0,0.6,0.8
1642402,Enrique Freeman,MIN,2,1,1,0,1,1,3.0,2.0,1,0,8.0,4.0,4.0,0.0,3.3,2.5,0.5
201569,Eric Gordon,PHI,6,4,1,0,0,0,2.0,2.0,12,6,21.0,12.0,11.0,1.0,5.5,0.3,0.5
1630679,Ethan Thompson,IND,33,20,27,11,20,5,48.0,16.0,68,22,196.0,74.0,61.0,13.0,7.0,2.2,1.8
1630596,Evan Mobley,CLE,397,294,203,91,49,22,32.0,6.0,177,56,858.0,469.0,321.0,148.0,18.2,9.0,3.6
1630532,Franz Wagner,ORL,177,115,148,66,43,15,24.0,10.0,115,38,507.0,244.0,138.0,106.0,20.6,5.2,3.3
1641713,GG Jackson,MEM,200,140,106,46,15,5,59.0,26.0,133,37,513.0,254.0,165.0,89.0,12.5,4.3,1.5
1629216,Gabe Vincent,ATL,13,9,17,4,13,4,47.0,19.0,126,40,216.0,76.0,56.0,20.0,4.4,1.0,1.4
202066,Garrett Temple,TOR,0,0,2,0,1,1,4.0,2.0,8,1,15.0,4.0,3.0,1.0,0.8,0.4,0.4
1629726,Garrison Mathews,IND,4,2,1,1,1,1,17.0,8.0,29,9,52.0,21.0,21.0,0.0,5.2,1.1,0.7
203914,Gary Harris,MIL,17,12,10,3,9,3,39.0,18.0,29,10,104.0,46.0,39.0,7.0,2.7,1.3,1.1
1627780,Gary Payton II,GSW,223,170,61,34,4,1,64.0,22.0,63,15,415.0,242.0,200.0,42.0,7.5,3.6,1.7
1629018,Gary Trent Jr.,MIL,20,11,57,25,54,24,104.0,41.0,238,82,473.0,183.0,142.0,41.0,8.1,1.0,1.2
203507,Giannis Antetokounmpo,MIL,402,311,69,25,82,22,1.0,1.0,44,14,598.0,373.0,183.0,190.0,27.6,9.8,5.4
1629048,Goga Bitadze,ORL,184,134,27,16,3,0,4.0,1.0,7,1,225.0,152.0,105.0,47.0,5.9,5.0,1.3
1641711,Gradey Dick,TOR,105,72,48,14,45,19,71.0,28.0,115,28,384.0,161.0,143.0,18.0,6.0,1.9,0.7
1641761,Grant Nelson,BKN,6,4,3,1,0,0,0.0,0.0,0,0,9.0,5.0,5.0,0.0,4.3,1.5,1.3
1629684,Grant Williams,CHA,16,11,23,9,10,6,49.0,21.0,85,31,183.0,78.0,68.0,10.0,7.0,3.9,1.6
1628960,Grayson Allen,PHX,89,61,107,41,16,8,54.0,22.0,401,137,667.0,269.0,173.0,96.0,16.5,3.0,3.8
1627824,Guerschon Yabusele,CHI,70,42,37,11,9,3,68.0,25.0,128,44,312.0,125.0,106.0,19.0,5.6,3.5,0.9
1630611,Gui Santos,GSW,171,125,63,25,4,2,60.0,28.0,162,50,460.0,230.0,177.0,53.0,9.2,3.9,2.3
203084,Harrison Barnes,SAS,107,77,85,38,25,8,193.0,76.0,165,63,575.0,262.0,214.0,48.0,9.9,2.8,1.9
1631127,Harrison Ingram,SAS,3,3,2,1,0,0,0.0,0.0,1,1,6.0,5.0,4.0,1.0,1.6,0.4,0.1
1643060,Hayden Gray,UTA,0,0,1,1,1,1,0.0,0.0,1,0,3.0,2.0,0.0,2.0,6.0,0.0,1.0
1629312,Haywood Highsmith,PHX,4,2,5,2,0,0,4.0,2.0,10,6,23.0,12.0,10.0,2.0,5.4,1.9,1.0
1630529,Herbert Jones,NOP,128,71,62,21,28,11,84.0,28.0,176,52,478.0,183.0,131.0,52.0,8.9,3.4,2.8
1642864,Hugo González,BOS,84,61,39,13,7,1,56.0,23.0,60,19,246.0,117.0,92.0,25.0,3.9,3.3,0.5
1630621,Hunter Dickinson,NOP,2,1,5,3,3,1,1.0,0.0,3,0,14.0,5.0,4.0,1.0,2.4,1.0,0.4
1642282,Hunter Sallis,PHI,3,2,2,1,0,0,0.0,0.0,0,0,5.0,3.0,1.0,2.0,1.0,0.1,0.6
1641816,Hunter Tyson,DEN,11,5,6,1,2,1,8.0,0.0,25,7,52.0,14.0,11.0,3.0,2.2,1.7,0.8
1630193,Immanuel Quickley,TOR,110,74,238,114,81,35,73.0,29.0,403,149,905.0,401.0,249.0,152.0,16.4,4.0,5.9
1642403,Isaac Jones,DET,4,3,1,0,0,0,1.0,0.0,1,0,7.0,3.0,1.0,2.0,1.3,0.7,0.1
1630171,Isaac Okoro,CHI,203,128,34,10,2,1,126.0,43.0,94,29,459.0,211.0,163.0,48.0,9.3,2.7,1.6
1642268,Isaiah Collier,UTA,162,119,217,99,36,10,22.0,6.0,78,21,515.0,255.0,91.0,164.0,11.7,2.5,7.2
1642384,Isaiah Crawford,HOU,7,5,1,0,3,2,9.0,3.0,4,0,24.0,10.0,8.0,2.0,2.0,1.1,0.4
1628392,Isaiah Hartenstein,OKC,177,132,95,45,17,7,2.0,0.0,5,0,296.0,184.0,143.0,41.0,9.2,9.4,3.5
1630543,Isaiah Jackson,LAC,179,129,48,22,7,0,2.0,0.0,1,0,237.0,151.0,93.0,58.0,6.7,5.3,0.9
1630198,Isaiah Joe,OKC,50,31,27,16,39,19,101.0,54.0,326,127,543.0,247.0,224.0,23.0,11.1,2.5,1.3
1630587,Isaiah Livers,PHX,14,9,6,0,4,1,18.0,6.0,22,6,64.0,22.0,17.0,5.0,1.8,1.7,0.6
1641815,Isaiah Stevens,SAC,3,2,3,1,0,0,0.0,0.0,1,0,7.0,3.0,2.0,1.0,3.3,1.0,3.3
1630191,Isaiah Stewart,DET,186,142,92,37,4,2,50.0,20.0,70,20,402.0,221.0,171.0,50.0,10.0,5.0,1.1
1627826,Ivica Zubac,IND,263,181,207,102,12,5,0.0,0.0,0,0,482.0,288.0,192.0,96.0,14.1,10.6,2.2
1631120,JD Davison,HOU,12,8,16,7,4,1,8.0,0.0,24,8,64.0,24.0,14.0,10.0,2.5,1.2,1.3
1629630,Ja Morant,MEM,84,51,115,46,38,15,12.0,6.0,73,14,322.0,132.0,41.0,91.0,19.5,3.3,8.1
1642266,Ja'Kobe Walter,TOR,90,53,33,14,12,3,120.0,59.0,149,51,404.0,180.0,160.0,20.0,7.5,2.6,1.2
1631095,Jabari Smith Jr.,HOU,173,119,170,84,144,58,180.0,66.0,308,111,975.0,438.0,346.0,92.0,15.8,6.9,1.9
1631133,Jabari Walker,PHI,99,61,16,3,3,1,53.0,21.0,42,11,213.0,97.0,65.0,32.0,4.3,3.0,0.5
1631210,Jacob Toppin,ATL,3,3,2,1,1,0,0.0,0.0,0,0,6.0,4.0,2.0,2.0,1.6,0.2,0.2
1630702,Jaden Hardy,WAS,58,33,71,28,38,17,83.0,38.0,179,66,429.0,182.0,116.0,66.0,9.2,1.5,1.0
1631093,Jaden Ivey,CHI,57,34,34,12,31,18,23.0,9.0,111,41,256.0,114.0,81.0,33.0,8.5,2.5,1.8
1630183,Jaden McDaniels,MIN,229,163,224,101,106,50,95.0,43.0,155,60,809.0,417.0,300.0,117.0,14.8,4.2,2.7
1630256,Jae'Sean Tate,HOU,42,32,31,12,4,2,20.0,7.0,12,3,109.0,56.0,32.0,24.0,2.8,1.6,0.5
1642942,Jahmai Mashack,MEM,67,39,48,19,5,0,16.0,1.0,59,18,195.0,77.0,55.0,22.0,6.2,2.6,2.2
1642443,Jahmir Young,MIA,9,4,4,2,3,1,3.0,2.0,6,1,25.0,10.0,7.0,3.0,1.8,0.3,0.6
1643141,Jahmyl Telfort,LAC,0,0,0,0,0,0,2.0,0.0,2,0,4.0,0.0,0.0,0.0,0.1,0.4,0.1
1631170,Jaime Jaquez Jr.,MIA,316,215,349,156,67,35,64.0,28.0,119,30,915.0,464.0,235.0,229.0,15.4,5.0,4.7
1631222,Jake LaRavia,LAL,170,120,104,41,6,1,126.0,37.0,116,41,522.0,240.0,193.0,47.0,8.2,4.0,1.8
1627751,Jakob Poeltl,TOR,205,163,84,43,21,11,0.0,0.0,0,0,310.0,217.0,171.0,46.0,10.7,7.0,2.0
1628973,Jalen Brunson,NYK,210,134,424,203,313,157,91.0,37.0,437,158,1475.0,689.0,214.0,475.0,26.0,3.3,6.8
1631105,Jalen Duren,DET,548,399,221,111,34,12,0.0,0.0,0,0,803.0,522.0,338.0,184.0,19.5,10.5,2.0
1630224,Jalen Green,PHX,134,81,62,23,89,41,48.0,21.0,179,50,512.0,216.0,91.0,125.0,17.8,3.6,2.8
1630552,Jalen Johnson,ATL,384,268,361,150,142,62,25.0,6.0,316,114,1228.0,600.0,330.0,270.0,22.5,10.3,7.9
1629618,Jalen Pickett,DEN,32,20,37,16,36,13,31.0,12.0,96,37,232.0,98.0,62.0,36.0,5.2,2.3,2.3
1641771,Jalen Slawson,IND,24,17,8,2,5,0,8.0,2.0,32,13,77.0,34.0,31.0,3.0,7.3,4.4,2.8
1630188,Jalen Smith,CHI,149,99,25,11,9,3,56.0,21.0,165,61,404.0,195.0,169.0,26.0,10.2,6.7,1.2
1630591,Jalen Suggs,ORL,125,81,95,45,69,34,75.0,27.0,285,95,649.0,282.0,159.0,123.0,13.8,3.9,5.5
1631114,Jalen Williams,OKC,158,106,136,59,75,28,13.0,4.0,64,19,446.0,216.0,86.0,130.0,17.1,4.6,5.5
1630592,Jalen Wilson,BKN,58,32,58,19,10,5,44.0,17.0,108,37,278.0,110.0,82.0,28.0,6.4,2.1,0.9
1631288,Jamal Cain,ORL,41,27,25,13,13,6,40.0,15.0,33,13,152.0,74.0,60.0,14.0,5.4,2.0,0.7
1627750,Jamal Murray,DEN,232,150,299,141,266,121,64.0,34.0,496,208,1357.0,654.0,279.0,375.0,25.4,4.4,7.1
1642347,Jamal Shead,TOR,95,54,122,42,25,5,51.0,14.0,211,70,504.0,185.0,104.0,81.0,6.6,1.7,5.4
1631123,Jamaree Bouyea,PHX,58,50,60,23,40,12,17.0,6.0,61,17,236.0,108.0,52.0,56.0,5.7,1.8,1.8
201935,James Harden,CLE,208,133,245,100,97,39,32.0,10.0,541,205,1123.0,487.0,120.0,367.0,23.6,4.8,8.0
1630164,James Wiseman,IND,7,5,2,1,1,0,0.0,0.0,0,0,10.0,6.0,4.0,2.0,3.3,2.0,0.8
1642364,Jamir Watkins,WAS,91,67,39,16,8,2,70.0,20.0,88,27,296.0,132.0,91.0,41.0,7.4,3.9,1.3
1642419,Jamison Battle,TOR,38,25,15,10,7,4,30.0,14.0,54,21,144.0,74.0,68.0,6.0,3.1,1.5,0.4
1641716,Jarace Walker,IND,164,96,144,51,69,27,57.0,23.0,299,110,733.0,307.0,236.0,71.0,11.6,5.1,2.5
1642272,Jared McCain,OKC,97,52,81,36,45,17,61.0,24.0,196,75,480.0,204.0,125.0,79.0,8.3,2.0,1.3
1628991,Jaren Jackson Jr.,UTA,139,86,287,148,58,24,55.0,20.0,180,64,719.0,342.0,232.0,110.0,19.4,5.7,2.0
1629020,Jarred Vanderbilt,LAL,120,76,19,7,2,1,93.0,29.0,6,0,240.0,113.0,86.0,27.0,4.4,4.5,1.3
1628386,Jarrett Allen,CLE,285,221,202,100,31,15,6.0,0.0,4,1,528.0,337.0,276.0,61.0,15.4,8.5,1.8
1642859,Jase Richardson,ORL,50,34,48,21,11,6,31.0,13.0,48,15,188.0,89.0,61.0,28.0,4.4,1.2,1.1
1642914,Javon Small,MEM,64,44,61,24,20,5,12.0,6.0,131,55,288.0,134.0,57.0,77.0,9.7,3.1,3.7
1631451,Javonte Cooke,POR,7,2,10,4,1,0,5.0,0.0,18,3,41.0,9.0,5.0,4.0,1.2,1.0,0.4
1629750,Javonte Green,DET,118,72,35,16,14,3,100.0,50.0,147,44,414.0,185.0,158.0,27.0,6.9,2.8,0.7
1629637,Jaxson Hayes,LAL,210,165,49,30,0,0,0.0,0.0,3,3,262.0,198.0,161.0,37.0,7.5,4.1,0.9
1630643,Jay Huff,IND,181,137,49,29,8,6,48.0,13.0,325,106,611.0,291.0,257.0,34.0,9.5,4.0,1.5
1627759,Jaylen Brown,BOS,346,238,427,207,366,151,50.0,19.0,354,121,1543.0,736.0,268.0,468.0,28.7,6.9,5.1
1641740,Jaylen Clark,MIN,75,47,44,17,8,2,60.0,19.0,40,14,227.0,99.0,65.0,34.0,4.0,1.8,0.6
1642377,Jaylen Wells,MEM,130,76,102,48,101,48,130.0,47.0,235,82,698.0,301.0,234.0,67.0,12.5,3.2,1.6
1631119,Jaylin Williams,OKC,47,29,32,13,17,9,54.0,24.0,202,74,352.0,149.0,144.0,5.0,7.2,5.5,2.4
1642281,Jaylon Tyson,CLE,217,128,125,56,30,13,119.0,53.0,179,80,670.0,330.0,271.0,59.0,13.2,5.1,2.2
1643257,Jayson Kent,POR,3,3,0,0,0,0,1.0,0.0,3,1,7.0,4.0,3.0,1.0,2.0,1.0,0.0
1628369,Jayson Tatum,BOS,62,38,45,20,37,13,12.0,6.0,131,41,287.0,118.0,42.0,76.0,21.8,10.0,5.3
201145,Jeff Green,HOU,10,7,5,3,9,3,15.0,4.0,29,8,68.0,25.0,18.0,7.0,2.2,0.8,0.3
203924,Jerami Grant,POR,232,149,97,30,51,16,142.0,61.0,208,75,730.0,331.0,225.0,106.0,18.6,3.5,2.1
1642847,Jeremiah Fears,NOP,399,229,202,76,99,31,42.0,19.0,264,82,1006.0,437.0,194.0,243.0,14.3,3.7,3.4
1630526,Jeremiah Robinson-Earl,DAL,44,21,8,3,7,3,24.0,5.0,17,5,100.0,37.0,23.0,14.0,4.6,4.7,0.7
1631110,Jeremy Sochan,NYK,63,42,18,11,3,0,24.0,8.0,21,3,129.0,64.0,52.0,12.0,3.6,2.4,0.9
1630579,Jericho Sims,MIL,163,136,20,9,2,0,0.0,0.0,0,0,185.0,145.0,118.0,27.0,5.0,5.5,1.6
1641724,Jett Howard,ORL,48,29,44,17,14,5,46.0,20.0,99,34,251.0,105.0,84.0,21.0,5.5,1.6,0.8
1628975,Jevon Carter,ORL,25,10,24,9,43,26,68.0,26.0,147,52,307.0,123.0,85.0,38.0,6.4,1.7,1.6
202710,Jimmy Butler III,GSW,198,138,109,47,70,23,38.0,16.0,47,16,462.0,240.0,128.0,112.0,20.0,5.6,4.9
1642866,Joan Beringer,MIN,86,60,12,5,0,0,0.0,0.0,0,0,98.0,65.0,48.0,17.0,3.9,2.3,0.3
1629111,Jock Landale,ATL,209,134,121,66,25,8,56.0,23.0,137,51,548.0,282.0,217.0,65.0,10.6,5.7,1.7
204060,Joe Ingles,MIN,8,7,0,0,3,2,3.0,1.0,13,6,27.0,16.0,12.0,4.0,1.5,0.7,1.3
203954,Joel Embiid,PHI,176,120,148,69,214,99,8.0,2.0,151,51,697.0,341.0,221.0,120.0,26.9,7.7,3.9
1628381,John Collins,LAC,243,183,136,61,61,31,133.0,57.0,86,32,659.0,364.0,286.0,78.0,13.6,5.3,1.0
1629723,John Konchar,UTA,76,54,17,9,7,3,48.0,13.0,51,15,199.0,94.0,73.0,21.0,4.4,4.3,2.1
1642967,John Poulakidas,DAL,2,1,5,3,7,4,14.0,8.0,63,23,91.0,39.0,37.0,2.0,8.8,2.3,0.8
1642910,John Tonje,BOS,3,0,1,1,0,0,2.0,1.0,8,2,14.0,4.0,4.0,0.0,2.5,1.0,0.3
1641780,Johni Broome,PHI,10,3,7,1,2,0,1.0,0.0,4,0,24.0,4.0,1.0,3.0,0.9,1.5,0.4
1642277,Johnny Furphy,IND,62,43,13,4,3,0,30.0,10.0,41,13,149.0,70.0,58.0,12.0,5.1,4.4,1.2
1630548,Johnny Juzang,MIN,5,4,6,4,3,2,10.0,2.0,14,4,38.0,16.0,6.0,10.0,2.0,0.8,0.3
202685,Jonas Valanciunas,DEN,163,109,134,80,67,30,1.0,1.0,25,7,390.0,227.0,130.0,97.0,8.7,5.1,1.2
1628371,Jonathan Isaac,ORL,51,33,11,4,9,2,27.0,6.0,11,1,109.0,46.0,32.0,14.0,2.6,2.5,0.4
1630228,Jonathan Kuminga,ATL,117,71,82,41,35,10,47.0,16.0,57,18,338.0,156.0,88.0,68.0,12.2,5.6,2.3
1642367,Jonathan Mogbo,TOR,30,18,12,7,1,1,1.0,0.0,0,0,44.0,26.0,19.0,7.0,1.5,1.7,0.6
203903,Jordan Clarkson,NYK,115,71,150,78,47,18,84.0,27.0,130,43,526.0,237.0,152.0,85.0,8.6,1.8,1.3
1630692,Jordan Goodwin,PHX,145,82,75,24,33,11,106.0,37.0,196,75,555.0,229.0,150.0,79.0,8.7,4.9,2.2
1641722,Jordan Hawkins,NOP,31,19,27,8,64,20,27.0,14.0,108,33,257.0,94.0,70.0,24.0,5.1,1.7,0.8
1629162,Jordan McLaughlin,SAS,20,13,13,2,6,1,19.0,7.0,21,10,79.0,33.0,20.0,13.0,2.0,0.7,0.9
1641757,Jordan Miller,LAC,159,115,115,53,15,6,39.0,13.0,71,25,399.0,212.0,116.0,96.0,10.0,3.0,2.3
1629673,Jordan Poole,NOP,88,44,48,19,20,6,30.0,14.0,258,82,444.0,165.0,95.0,70.0,13.4,2.0,3.1
1641775,Jordan Walsh,BOS,104,76,32,11,6,1,47.0,18.0,78,30,267.0,136.0,101.0,35.0,5.4,4.0,0.8
1630631,Jose Alvarado,NYK,74,50,76,32,12,4,78.0,29.0,209,72,449.0,187.0,122.0,65.0,7.4,2.5,3.4
1630581,Josh Giddey,CHI,221,127,171,81,42,10,38.0,13.0,245,90,717.0,321.0,154.0,167.0,17.0,8.3,9.1
1630182,Josh Green,CHA,30,19,11,5,2,1,84.0,38.0,54,20,181.0,83.0,76.0,7.0,4.3,1.8,0.8
1628404,Josh Hart,NYK,193,130,105,50,52,21,72.0,36.0,170,64,592.0,301.0,221.0,80.0,12.0,7.4,4.8
1631169,Josh Minott,BKN,65,52,31,10,3,0,47.0,22.0,106,42,252.0,126.0,100.0,26.0,7.4,3.2,0.9
1642490,Josh Oduro,NOP,9,8,5,2,1,1,1.0,0.0,1,0,17.0,11.0,6.0,5.0,8.3,7.7,1.3
1629006,Josh Okogie,HOU,92,48,30,10,11,5,108.0,36.0,53,26,294.0,125.0,99.0,26.0,4.5,2.6,0.9
201950,Jrue Holiday,POR,125,84,161,75,61,24,60.0,26.0,302,111,709.0,320.0,136.0,184.0,16.3,4.6,6.1
1630577,Julian Champagnie,SAS,113,84,50,17,14,5,187.0,75.0,325,120,689.0,301.0,264.0,37.0,11.1,5.8,1.5
1641763,Julian Phillips,MIN,41,25,14,5,1,1,44.0,13.0,21,7,121.0,51.0,41.0,10.0,2.9,1.0,0.2
1642882,Julian Reese,WAS,73,48,38,13,8,2,0.0,0.0,0,0,119.0,63.0,42.0,21.0,11.8,10.5,1.8
1631124,Julian Strawther,DEN,71,44,76,37,22,10,49.0,22.0,101,36,319.0,149.0,113.0,36.0,7.2,2.0,1.1
203944,Julius Randle,MIN,396,267,288,136,177,68,77.0,26.0,269,83,1207.0,580.0,300.0,280.0,21.1,6.7,5.0
1630551,Justin Champagnie,WAS,232,164,57,14,7,1,57.0,16.0,109,37,462.0,232.0,151.0,81.0,8.7,5.6,1.2
1642348,Justin Edwards,PHI,64,44,60,25,16,7,31.0,12.0,149,55,320.0,143.0,100.0,43.0,6.0,1.5,1.3
203994,Jusuf Nurkić,UTA,132,77,140,74,15,4,4.0,2.0,67,23,358.0,180.0,135.0,45.0,10.9,10.4,4.8
1642354,KJ Simpson,DEN,28,14,25,7,6,1,6.0,3.0,34,9,99.0,34.0,15.0,19.0,4.6,1.9,2.2
1642955,Kadary Richmond,WAS,9,6,3,2,0,0,1.0,0.0,3,2,16.0,10.0,6.0,4.0,8.3,3.3,2.7
1642880,Kam Jones,IND,37,24,50,19,7,3,19.0,6.0,56,16,169.0,68.0,36.0,32.0,4.4,1.6,3.2
1626157,Karl-Anthony Towns,NYK,493,304,161,76,71,24,16.0,7.0,291,106,1032.0,517.0,340.0,177.0,20.1,11.9,3.0
1631255,Karlo Matković,NOP,115,94,27,9,3,1,48.0,23.0,42,15,235.0,142.0,113.0,29.0,5.7,3.7,0.8
1642857,Kasparas Jakučionis,MIA,51,28,24,7,7,1,50.0,29.0,106,37,238.0,102.0,80.0,22.0,6.2,2.6,2.6
202695,Kawhi Leonard,LAC,204,151,348,192,261,121,43.0,18.0,402,153,1258.0,635.0,251.0,384.0,27.9,6.4,3.6
1630811,Keaton Wallace,ATL,9,5,41,19,19,6,9.0,4.0,93,34,171.0,68.0,46.0,22.0,3.5,1.1,1.8
1631099,Keegan Murray,SAC,36,27,97,48,55,20,20.0,5.0,92,26,300.0,126.0,80.0,46.0,14.0,5.7,1.7
1642276,Kel'el Ware,MIA,311,218,91,31,14,3,68.0,29.0,165,63,649.0,344.0,262.0,82.0,11.1,9.0,0.7
1629640,Keldon Johnson,SAS,329,213,181,95,14,7,141.0,51.0,132,48,797.0,414.0,267.0,147.0,13.2,5.4,1.4
203482,Kelly Olynyk,SAS,35,29,10,4,4,2,10.0,4.0,37,8,96.0,47.0,27.0,20.0,3.2,1.8,1.2
1626162,Kelly Oubre Jr.,PHI,147,98,131,61,27,9,87.0,40.0,152,46,544.0,254.0,171.0,83.0,14.1,5.0,1.6
1631113,Kennedy Chandler,UTA,48,31,41,12,10,3,10.0,4.0,28,11,137.0,61.0,28.0,33.0,15.0,3.4,6.7
1629026,Kenrich Williams,OKC,94,59,40,15,33,16,33.0,15.0,96,35,296.0,140.0,93.0,47.0,6.5,3.3,1.4
203484,Kentavious Caldwell-Pope,MEM,57,34,53,24,82,37,35.0,11.0,139,44,366.0,150.0,117.0,33.0,8.4,2.5,2.7
1631165,Keon Ellis,CLE,61,52,47,21,25,5,93.0,34.0,158,57,384.0,169.0,148.0,21.0,6.7,1.9,1.0
1642352,Keshad Johnson,MIA,46,34,13,3,1,1,16.0,6.0,28,7,104.0,51.0,37.0,14.0,4.3,1.9,0.3
1642933,Keshon Gilbert,ATL,6,4,2,0,1,1,1.0,0.0,2,0,12.0,5.0,2.0,3.0,4.3,1.3,3.0
201142,Kevin Durant,HOU,128,98,379,230,419,202,48.0,24.0,402,162,1376.0,716.0,386.0,330.0,26.0,5.5,4.8
1628989,Kevin Huerter,DET,151,115,94,43,26,11,75.0,27.0,250,73,596.0,269.0,211.0,58.0,10.0,3.5,2.6
201567,Kevin Love,UTA,33,11,17,11,7,4,30.0,17.0,112,36,199.0,79.0,70.0,9.0,6.7,5.8,1.8
1641755,Kevin McCullar Jr.,NYK,14,8,4,3,5,1,7.0,3.0,17,5,47.0,20.0,13.0,7.0,2.4,1.3,1.0
1629645,Kevin Porter Jr.,MIL,159,98,107,46,105,49,31.0,10.0,112,36,514.0,239.0,73.0,166.0,17.4,5.2,7.4
1626172,Kevon Looney,NOP,36,22,5,0,6,1,1.0,0.0,12,2,60.0,25.0,9.0,16.0,2.8,5.6,1.6
1641718,Keyonte George,UTA,135,97,241,111,143,60,48.0,19.0,314,115,881.0,402.0,235.0,167.0,23.6,3.7,6.1
1642863,Khaman Maluach,PHX,71,46,11,4,2,1,7.0,1.0,14,4,105.0,56.0,37.0,19.0,3.0,2.9,0.1
203114,Khris Middleton,DAL,62,35,97,39,195,86,59.0,24.0,127,43,540.0,227.0,123.0,104.0,10.2,3.7,2.8
1630165,Killian Hayes,SAC,8,5,41,16,26,4,8.0,1.0,55,16,138.0,42.0,19.0,23.0,5.5,2.3,3.5
202691,Klay Thompson,DAL,48,28,41,15,113,42,121.0,47.0,405,154,728.0,286.0,256.0,30.0,11.7,2.1,1.4
1641738,Kobe Brown,IND,103,67,21,6,8,2,53.0,23.0,86,29,271.0,127.0,88.0,39.0,5.8,3.0,1.3
1641723,Kobe Bufkin,LAL,6,5,13,5,5,0,5.0,1.0,21,4,50.0,15.0,9.0,6.0,2.9,0.8,0.6
1642920,Kobe Sanders,LAC,68,50,69,32,51,17,70.0,34.0,126,46,384.0,179.0,133.0,46.0,7.3,2.3,1.6
1642886,Koby Brea,PHX,3,2,2,0,1,0,5.0,2.0,25,11,36.0,15.0,11.0,4.0,3.8,0.7,0.8
1642851,Kon Knueppel,CHA,193,125,185,93,64,24,143.0,72.0,498,201,1083.0,515.0,395.0,120.0,18.5,5.3,3.4
1627739,Kris Dunn,LAC,120,82,125,61,18,4,91.0,40.0,123,40,477.0,227.0,146.0,81.0,7.3,3.3,3.6
1631200,Kris Murray,POR,135,88,19,7,0,0,71.0,20.0,51,14,276.0,129.0,98.0,31.0,5.8,3.6,1.4
204001,Kristaps Porziņģis,GSW,73,47,91,44,64,28,17.0,11.0,143,43,388.0,173.0,120.0,53.0,16.7,5.2,2.5
203937,Kyle Anderson,MIN,65,40,117,57,9,6,8.0,3.0,3,1,202.0,107.0,49.0,58.0,6.2,3.5,2.9
1642271,Kyle Filipowski,UTA,225,155,185,88,19,6,98.0,33.0,130,41,657.0,323.0,232.0,91.0,11.4,7.2,2.6
1628398,Kyle Kuzma,MIL,252,173,151,60,47,23,85.0,31.0,153,52,688.0,339.0,241.0,98.0,13.0,4.5,2.7
200768,Kyle Lowry,PHI,0,0,0,0,0,0,4.0,1.0,21,3,25.0,4.0,4.0,0.0,1.2,0.6,0.8
1642273,Kyshawn George,WAS,114,77,109,37,94,40,53.0,23.0,207,76,577.0,253.0,132.0,121.0,14.8,5.1,4.5
1643018,LJ Cryer,GSW,4,3,8,3,11,4,17.0,3.0,77,34,117.0,47.0,34.0,13.0,8.2,1.6,1.0
1630163,LaMelo Ball,CHA,177,101,250,105,77,28,96.0,41.0,644,231,1244.0,506.0,228.0,278.0,20.1,4.8,7.1
1642950,Lachlan Olbrich,CHI,43,25,14,8,1,1,7.0,0.0,12,2,77.0,36.0,26.0,10.0,2.4,3.0,1.1
1629013,Landry Shamet,NYK,61,42,19,4,21,10,118.0,51.0,145,52,364.0,159.0,144.0,15.0,9.3,1.8,1.4
1626204,Larry Nance Jr.,CLE,44,26,14,4,3,1,32.0,14.0,31,7,124.0,52.0,45.0,7.0,3.7,2.7,1.0
1628374,Lauri Markkanen,UTA,226,160,179,87,76,22,72.0,33.0,252,82,805.0,384.0,302.0,82.0,26.7,6.9,2.1
1643133,Lawson Lovering,MEM,7,6,3,0,0,0,0.0,0.0,0,0,10.0,6.0,4.0,2.0,7.0,7.5,1.5
2544,LeBron James,LAL,340,257,178,75,158,64,49.0,14.0,194,63,919.0,473.0,255.0,218.0,20.9,6.1,7.2
1641778,Leaky Black,WAS,15,7,16,7,17,7,27.0,12.0,28,7,103.0,40.0,30.0,10.0,7.1,5.0,1.5
1631159,Leonard Miller,CHI,136,102,23,9,4,2,48.0,20.0,51,12,262.0,145.0,109.0,36.0,7.8,3.9,0.9
1642862,Liam McNeeley,CHA,14,8,21,6,0,0,22.0,8.0,38,16,95.0,38.0,33.0,5.0,4.3,2.4,0.8
1630322,Lindy Waters III,SAS,5,3,1,0,3,3,23.0,8.0,56,19,88.0,33.0,29.0,4.0,2.4,0.7,0.5
1628366,Lonzo Ball,CLE,18,10,6,2,5,1,31.0,7.0,116,33,176.0,53.0,41.0,12.0,4.6,4.0,3.9
1631351,Lucas Williamson,MEM,15,9,6,1,1,0,12.0,3.0,41,12,75.0,25.0,22.0,3.0,10.4,5.4,2.6
1629652,Luguentz Dort,OKC,64,41,52,20,36,13,76.0,26.0,296,102,524.0,202.0,179.0,23.0,8.3,3.6,1.2
1629029,Luka Dončić,LAL,163,133,365,202,235,104,45.0,8.0,649,246,1457.0,693.0,193.0,500.0,33.5,7.7,8.3
1630568,Luka Garza,BOS,151,109,68,38,11,4,17.0,4.0,110,51,357.0,206.0,144.0,62.0,8.1,4.1,1.0
1628379,Luke Kennard,LAL,64,41,78,45,56,33,83.0,43.0,162,74,443.0,236.0,201.0,35.0,8.4,2.3,2.2
1628436,Luke Kornet,SAS,232,161,34,12,6,2,0.0,0.0,0,0,272.0,175.0,135.0,40.0,6.5,6.1,1.9
1631247,Luke Travers,CLE,15,7,4,1,1,0,4.0,1.0,12,0,36.0,9.0,6.0,3.0,2.3,2.0,0.8
1630644,Mac McClung,CHI,20,15,8,1,1,0,4.0,0.0,26,7,59.0,23.0,15.0,8.0,6.1,0.9,0.9
1641869,Malachi Smith,BKN,24,13,25,12,4,3,11.0,4.0,35,16,99.0,48.0,28.0,20.0,8.3,3.4,3.3
1631103,Malaki Branham,WAS,35,21,16,5,3,3,5.0,1.0,32,13,91.0,43.0,29.0,14.0,4.6,1.6,0.8
1642502,Malevy Leons,GSW,33,20,19,7,4,1,11.0,2.0,5,2,72.0,32.0,19.0,13.0,3.3,2.1,0.9
1628370,Malik Monk,SAC,89,62,165,64,64,27,47.0,16.0,267,108,632.0,277.0,168.0,109.0,12.5,1.9,3.0
1630699,MarJon Beauchamp,PHI,18,14,4,1,7,2,11.0,1.0,36,15,76.0,33.0,25.0,8.0,6.8,2.3,1.1
1631204,Marcus Sasser,DET,24,13,25,7,22,5,28.0,17.0,78,27,177.0,69.0,50.0,19.0,5.2,1.0,2.0
203935,Marcus Smart,LAL,63,39,90,36,30,16,91.0,37.0,202,60,476.0,188.0,135.0,53.0,9.3,2.8,3.0
1641813,Mark Sears,MIL,1,1,3,1,1,0,0.0,0.0,8,4,13.0,6.0,3.0,3.0,3.1,0.3,0.3
1631109,Mark Williams,PHX,309,222,116,53,12,6,1.0,1.0,0,0,438.0,282.0,193.0,89.0,11.7,8.0,1.0
1628365,Markelle Fultz,TOR,1,1,5,1,5,0,0.0,0.0,0,0,11.0,2.0,1.0,1.0,0.8,0.2,1.6
1628963,Marvin Bagley III,DAL,258,182,97,44,4,4,10.0,5.0,42,19,411.0,254.0,166.0,88.0,10.5,6.1,1.4
203486,Mason Plumlee,SAS,13,11,1,0,0,0,0.0,0.0,0,0,14.0,11.0,9.0,2.0,1.6,2.7,1.0
1641824,Matas Buzelis,CHI,349,225,100,40,19,8,133.0,49.0,362,124,963.0,446.0,311.0,135.0,16.3,5.8,2.1
1629680,Matisse Thybulle,POR,28,18,13,3,0,0,34.0,11.0,59,26,134.0,58.0,47.0,11.0,5.8,2.0,0.9
1631108,Max Christie,DAL,125,82,100,37,54,21,165.0,75.0,281,105,725.0,320.0,246.0,74.0,12.3,3.2,2.0
1642917,Max Shulga,BOS,1,1,2,0,1,0,0.0,0.0,4,1,8.0,2.0,2.0,0.0,0.6,0.5,0.2
1629622,Max Strus,CLE,17,10,7,4,0,0,22.0,11.0,60,22,106.0,47.0,38.0,9.0,11.2,5.4,2.0
1628467,Maxi Kleber,LAL,29,19,14,7,4,1,4.0,0.0,22,6,73.0,33.0,33.0,0.0,2.0,2.0,0.6
1642875,Maxime Raynaud,SAC,185,138,364,199,48,22,25.0,7.0,49,17,671.0,383.0,316.0,67.0,12.5,7.5,1.4
1642877,Micah Peavy,NOP,107,62,43,12,17,4,53.0,11.0,55,17,275.0,106.0,74.0,32.0,4.3,1.9,1.0
1630695,Micah Potter,IND,79,58,35,18,11,4,78.0,33.0,90,38,293.0,151.0,130.0,21.0,9.7,5.0,1.5
1629008,Michael Porter Jr.,BKN,222,170,107,46,144,52,69.0,22.0,416,154,958.0,444.0,326.0,118.0,24.2,7.1,3.0
1628969,Mikal Bridges,NYK,221,164,166,79,156,73,199.0,80.0,221,76,963.0,472.0,370.0,102.0,14.4,3.8,3.7
201144,Mike Conley,MIN,16,7,23,7,10,2,48.0,19.0,118,37,215.0,72.0,64.0,8.0,4.5,1.7,2.9
1628970,Miles Bridges,CHA,317,202,242,115,38,14,129.0,46.0,315,101,1041.0,478.0,310.0,168.0,17.1,5.8,3.2
1642939,Miles Kelly,DAL,4,3,4,1,3,2,20.0,9.0,13,1,44.0,16.0,14.0,2.0,3.1,1.7,0.9
1630540,Miles McBride,NYK,37,22,29,9,67,28,78.0,28.0,193,84,404.0,171.0,117.0,54.0,12.0,2.4,2.6
1629011,Mitchell Robinson,NYK,203,146,3,3,0,0,0.0,0.0,0,0,206.0,149.0,86.0,63.0,5.7,8.8,0.9
1628964,Mo Bamba,UTA,9,4,1,0,1,1,0.0,0.0,0,0,11.0,5.0,4.0,1.0,2.5,5.5,0.3
1642885,Mohamed Diawara,NYK,50,25,17,7,16,10,33.0,19.0,97,29,213.0,90.0,73.0,17.0,3.6,1.4,0.8
1628420,Monte Morris,IND,6,4,5,1,1,0,3.0,0.0,5,2,20.0,7.0,5.0,2.0,3.0,1.2,1.5
1629021,Moritz Wagner,ORL,76,45,45,15,4,1,17.0,6.0,53,16,195.0,83.0,71.0,12.0,6.9,3.2,0.8
1630541,Moses Moody,GSW,88,65,62,17,30,12,138.0,60.0,239,91,557.0,245.0,205.0,40.0,12.1,3.3,1.6
1631338,Mouhamadou Gueye,CHI,6,5,0,0,0,0,3.0,1.0,2,0,11.0,6.0,5.0,1.0,8.0,3.0,3.0
1631243,Mouhamed Gueye,ATL,105,77,37,10,18,4,88.0,22.0,42,18,290.0,131.0,105.0,26.0,4.4,3.6,0.9
1630619,Moussa Cisse,DAL,102,63,13,3,0,0,0.0,0.0,0,0,115.0,66.0,45.0,21.0,4.5,5.7,0.2
1631217,Moussa Diabaté,CHA,272,193,83,33,6,2,1.0,1.0,1,0,363.0,229.0,144.0,85.0,7.9,8.7,1.9
1626167,Myles Turner,MIL,122,80,88,35,52,22,73.0,32.0,311,115,646.0,284.0,248.0,36.0,11.9,5.3,1.5
1642066,Myron Gardner,MIA,42,26,15,7,2,0,19.0,5.0,45,21,123.0,59.0,41.0,18.0,3.6,2.7,1.0
1642368,N'Faly Dante,ATL,2,1,1,0,1,0,0.0,0.0,0,0,4.0,1.0,1.0,0.0,0.8,1.8,0.0
1641772,Nae'Qwan Tomlin,CLE,165,110,34,13,0,0,73.0,17.0,42,10,314.0,150.0,107.0,43.0,5.8,2.9,0.8
1630230,Naji Marshall,DAL,226,161,322,174,60,22,103.0,36.0,110,26,821.0,419.0,235.0,184.0,15.2,4.7,3.3
1631466,Nate Williams,GSW,34,24,24,6,0,0,18.0,6.0,12,7,88.0,43.0,32.0,11.0,8.0,2.1,1.0
1629675,Naz Reid,MIN,162,113,221,110,40,12,147.0,61.0,300,101,870.0,397.0,288.0,109.0,13.6,6.2,2.2
1629674,Neemias Queta,BOS,332,250,146,72,13,3,1.0,0.0,7,1,499.0,326.0,240.0,86.0,10.2,8.4,1.7
1629651,Nic Claxton,BKN,351,245,187,72,26,13,1.0,0.0,18,3,583.0,333.0,208.0,125.0,11.7,6.9,3.7
1630208,Nick Richards,CHI,122,74,53,22,8,2,12.0,4.0,6,1,201.0,103.0,76.0,27.0,5.8,5.1,0.3
1641733,Nick Smith Jr.,LAL,8,5,44,21,23,10,11.0,3.0,75,31,161.0,70.0,33.0,37.0,6.2,0.8,1.0
1629638,Nickeil Alexander-Walker,ATL,302,187,158,64,106,46,175.0,84.0,454,167,1195.0,548.0,385.0,163.0,20.8,3.4,3.7
201587,Nicolas Batum,LAC,2,1,1,0,7,3,105.0,49.0,123,43,238.0,96.0,95.0,1.0,4.0,2.5,0.9
1628502,Nigel Hayes-Davis,PHX,4,2,21,10,5,1,6.0,0.0,10,2,46.0,15.0,7.0,8.0,1.3,1.2,0.3
203999,Nikola Jokić,DEN,325,239,394,227,118,66,18.0,10.0,277,102,1132.0,644.0,390.0,254.0,27.7,12.9,10.7
1631107,Nikola Jović,MIA,78,47,54,21,15,2,49.0,8.0,118,37,314.0,115.0,90.0,25.0,7.3,3.3,2.2
1642260,Nikola Topić,OKC,17,12,19,4,0,0,1.0,0.0,14,6,51.0,22.0,13.0,9.0,5.2,1.9,4.4
202696,Nikola Vučević,BOS,185,121,266,141,77,32,29.0,8.0,242,92,799.0,394.0,323.0,71.0,15.1,8.4,3.3
1642363,Nique Clifford,SAC,111,74,165,65,88,33,65.0,22.0,167,55,596.0,249.0,167.0,82.0,8.6,3.8,2.4
1642855,Noa Essengue,CHI,1,0,0,0,0,0,1.0,0.0,1,0,3.0,0.0,0.0,0.0,0.0,0.0,0.0
1641730,Noah Clowney,BKN,107,62,112,51,19,8,117.0,52.0,276,77,631.0,250.0,202.0,48.0,12.3,4.1,1.6
1642869,Noah Penda,ORL,64,36,40,13,6,3,37.0,11.0,56,19,203.0,82.0,51.0,31.0,3.8,3.2,1.2
1642849,Nolan Traore,BKN,135,61,121,52,31,8,48.0,17.0,144,44,479.0,182.0,103.0,79.0,8.9,1.8,3.8
1641807,Norchad Omier,LAC,6,4,3,3,0,0,0.0,0.0,1,0,10.0,7.0,6.0,1.0,2.8,1.2,0.3
1626181,Norman Powell,MIA,229,144,164,85,92,36,64.0,21.0,345,134,894.0,420.0,288.0,132.0,21.7,3.5,2.5
1628384,OG Anunoby,NYK,282,193,68,22,47,17,198.0,88.0,209,69,804.0,389.0,307.0,82.0,16.7,5.2,2.2
1630167,Obi Toppin,IND,64,49,14,8,16,6,24.0,9.0,81,28,199.0,100.0,83.0,17.0,11.6,4.4,2.3
1630534,Ochai Agbaji,BKN,115,75,30,9,7,4,57.0,14.0,71,20,280.0,122.0,105.0,17.0,5.1,2.3,0.8
1630846,Olivier Sarr,CLE,4,3,0,0,0,0,0.0,0.0,3,2,7.0,5.0,4.0,1.0,3.5,2.8,1.3
1641765,Olivier-Maxence Prosper,MEM,151,111,44,19,7,2,56.0,21.0,92,39,350.0,192.0,157.0,35.0,10.0,3.5,1.0
1630209,Omer Yurtseven,GSW,12,6,9,4,1,1,2.0,0.0,2,0,26.0,11.0,6.0,5.0,3.8,3.3,0.9
1630168,Onyeka Okongwu,ATL,240,163,229,103,8,3,107.0,42.0,276,102,860.0,413.0,345.0,68.0,15.2,7.6,3.1
1631115,Orlando Robinson,ORL,2,2,0,0,1,0,0.0,0.0,2,1,5.0,3.0,3.0,0.0,1.8,1.0,0.8
1631131,Oscar Tshiebwe,UTA,94,67,46,22,5,3,0.0,0.0,0,0,145.0,92.0,63.0,29.0,7.8,6.6,1.2
1642345,Oso Ighodaro,PHX,222,172,134,61,9,6,0.0,0.0,1,0,366.0,239.0,181.0,58.0,6.5,5.1,2.3
1631172,Ousmane Dieng,MIL,66,43,78,34,69,28,33.0,15.0,152,48,398.0,168.0,87.0,81.0,7.6,3.2,2.4
1629023,P.J. Washington,DAL,206,129,182,80,36,11,99.0,36.0,135,40,658.0,296.0,202.0,94.0,14.2,7.0,1.8
1641790,PJ Hall,CHA,42,24,10,3,2,0,3.0,2.0,2,1,59.0,30.0,23.0,7.0,4.5,3.9,0.5
1642359,Pacôme Dadiet,NYK,8,7,5,2,3,0,12.0,2.0,20,5,48.0,16.0,15.0,1.0,1.7,0.9,0.4
1631094,Paolo Banchero,ORL,417,279,271,97,189,69,51.0,22.0,224,62,1152.0,529.0,262.0,267.0,22.2,8.4,5.2
1627783,Pascal Siakam,IND,331,227,337,160,194,67,50.0,20.0,243,85,1155.0,559.0,309.0,250.0,24.0,6.6,3.8
1626192,Pat Connaughton,CHA,21,12,12,5,0,0,18.0,8.0,34,13,85.0,38.0,34.0,4.0,2.6,1.5,0.4
1630311,Pat Spencer,GSW,83,49,126,55,59,22,34.0,14.0,134,46,436.0,186.0,80.0,106.0,7.2,2.4,3.5
1631116,Patrick Baldwin Jr.,SAC,5,1,7,3,1,1,4.0,1.0,10,5,27.0,11.0,8.0,3.0,3.7,2.6,0.6
1630172,Patrick Williams,CHI,107,52,76,20,21,11,46.0,17.0,228,78,478.0,178.0,122.0,56.0,7.0,3.0,1.5
202331,Paul George,PHI,68,38,69,32,121,55,63.0,29.0,192,71,513.0,225.0,123.0,102.0,17.3,5.3,3.6
1630194,Paul Reed,DET,186,139,89,46,24,11,14.0,4.0,26,9,339.0,209.0,154.0,55.0,7.8,4.5,1.2
1630202,Payton Pritchard,BOS,140,96,245,137,144,61,47.0,23.0,515,189,1091.0,506.0,228.0,278.0,17.0,3.9,5.2
1642362,Payton Sandfort,OKC,6,4,3,2,0,0,8.0,5.0,9,2,26.0,13.0,12.0,1.0,8.8,2.5,0.0
1641796,Pelle Larsson,MIA,214,151,135,61,18,3,51.0,20.0,141,42,559.0,277.0,199.0,78.0,11.4,3.5,3.4
1631250,Pete Nance,MIL,49,40,22,10,4,0,42.0,21.0,77,29,194.0,100.0,85.0,15.0,5.4,2.7,1.0
1631212,Peyton Watson,DEN,186,120,135,58,63,26,83.0,43.0,114,38,581.0,285.0,212.0,73.0,14.6,4.9,2.1
1630173,Precious Achiuwa,SAC,279,190,196,91,26,8,42.0,10.0,55,17,598.0,316.0,184.0,132.0,10.1,6.7,1.4
1629656,Quentin Grimes,PHI,242,169,70,24,63,20,90.0,38.0,289,88,754.0,339.0,237.0,102.0,13.4,3.6,3.3
1631245,Quenton Jackson,IND,133,89,49,14,28,9,28.0,6.0,90,36,328.0,154.0,103.0,51.0,9.1,2.3,2.9
1642366,Quinten Post,GSW,78,57,64,35,20,8,86.0,25.0,191,68,439.0,193.0,161.0,32.0,7.7,4.0,1.4
1629628,RJ Barrett,TOR,283,198,228,99,22,8,76.0,25.0,207,71,816.0,401.0,274.0,127.0,19.3,5.3,3.3
1642853,Rasheer Fleming,PHX,65,35,11,5,9,2,78.0,29.0,52,16,215.0,87.0,76.0,11.0,4.3,2.3,0.3
1642484,RayJ Dennis,ATL,12,6,21,5,5,1,7.0,0.0,38,14,83.0,26.0,17.0,9.0,4.4,1.5,1.9
1641712,Rayan Rupert,MEM,84,48,73,25,20,6,58.0,17.0,78,27,313.0,123.0,79.0,44.0,5.2,2.9,1.1
1642263,Reed Sheppard,HOU,100,56,149,76,121,48,86.0,42.0,490,185,946.0,407.0,234.0,173.0,13.5,2.9,3.4
1642434,Riley Minix,CLE,7,7,3,2,1,1,7.0,4.0,5,0,23.0,14.0,8.0,6.0,3.9,0.7,0.6
1642265,Rob Dillingham,CHI,128,67,92,29,59,25,29.0,11.0,104,31,412.0,163.0,74.0,89.0,6.3,2.0,2.2
1629057,Robert Williams III,POR,189,147,28,15,10,6,19.0,8.0,4,1,250.0,177.0,126.0,51.0,6.7,7.0,1.0
1642911,Rocco Zikarsky,MIN,4,3,3,2,1,0,0.0,0.0,0,0,8.0,5.0,5.0,0.0,2.8,2.8,0.4
1631199,Ron Harper Jr.,BOS,15,12,14,6,1,0,28.0,10.0,52,18,110.0,46.0,34.0,12.0,4.2,1.7,0.8
1641842,Ronald Holland II,DET,216,140,106,41,24,4,119.0,29.0,79,21,544.0,235.0,163.0,72.0,8.2,4.0,1.2
1626220,Royce O'Neale,PHX,50,31,45,16,10,4,97.0,52.0,422,159,624.0,262.0,228.0,34.0,9.8,4.8,2.7
203497,Rudy Gobert,MIN,424,312,55,22,7,1,2.0,0.0,3,0,491.0,335.0,220.0,115.0,10.9,11.5,1.7
1629060,Rui Hachimura,LAL,115,76,76,35,144,80,111.0,47.0,151,69,597.0,307.0,266.0,41.0,11.5,3.3,0.8
201566,Russell Westbrook,SAC,168,109,176,80,116,41,108.0,39.0,271,89,839.0,358.0,158.0,200.0,15.2,5.4,6.7
1642346,Ryan Dunn,PHX,136,89,50,18,7,1,119.0,43.0,50,13,362.0,164.0,123.0,41.0,5.8,4.2,1.5
1641750,Ryan Kalkbrenner,CHA,244,195,38,23,4,1,1.0,0.0,4,0,291.0,219.0,156.0,63.0,7.6,5.5,0.8
1642948,Ryan Nembhard,DAL,49,31,99,41,107,42,16.0,5.0,119,43,390.0,162.0,68.0,94.0,6.6,2.2,5.3
1631157,Ryan Rollins,MIL,245,159,177,73,155,70,102.0,44.0,351,140,1030.0,486.0,192.0,294.0,17.3,4.6,5.6
1630180,Saddiq Bey,NOP,307,189,185,78,63,18,138.0,57.0,273,94,966.0,436.0,266.0,170.0,17.7,5.6,2.5
1630573,Sam Hauser,BOS,28,23,26,11,44,21,96.0,43.0,407,154,601.0,252.0,234.0,18.0,9.2,3.8,1.5
1630241,Sam Merrill,CLE,50,40,32,13,27,12,64.0,34.0,311,124,484.0,223.0,201.0,22.0,12.8,2.6,2.4
1630572,Sandro Mamukelashvili,TOR,237,169,89,44,9,2,70.0,25.0,226,90,631.0,330.0,278.0,52.0,11.2,4.9,1.9
1630583,Santi Aldama,MEM,121,86,115,56,40,16,49.0,27.0,151,43,476.0,228.0,196.0,32.0,14.0,6.7,2.9
1630703,Scoot Henderson,POR,84,47,58,18,38,21,33.0,9.0,129,48,342.0,143.0,77.0,66.0,14.2,2.7,3.7
1630567,Scottie Barnes,TOR,389,270,315,144,195,87,62.0,18.0,162,50,1123.0,569.0,342.0,227.0,18.1,7.5,5.9
1630590,Scotty Pippen Jr.,MEM,26,17,29,12,9,4,6.0,1.0,26,9,96.0,43.0,23.0,20.0,11.4,2.2,4.7
1642951,Sean Pedulla,LAC,0,0,3,2,2,0,3.0,0.0,7,3,15.0,5.0,4.0,1.0,1.9,0.4,0.7
203552,Seth Curry,GSW,2,2,4,3,18,7,9.0,6.0,16,6,49.0,24.0,21.0,3.0,7.1,1.2,1.0
1631101,Shaedon Sharpe,POR,264,181,144,57,154,51,37.0,14.0,269,89,868.0,392.0,180.0,212.0,20.8,4.3,2.6
1628983,Shai Gilgeous-Alexander,OKC,365,260,303,161,355,195,18.0,6.0,280,109,1321.0,731.0,144.0,587.0,31.1,4.3,6.6
1630536,Sharife Cooper,WAS,94,62,45,18,32,18,29.0,9.0,47,20,247.0,127.0,44.0,83.0,8.1,2.1,3.0
1631321,Sidy Cissoko,POR,87,61,40,11,9,2,92.0,31.0,106,28,334.0,133.0,105.0,28.0,5.1,2.2,1.5
1631323,Simone Fontecchio,MIA,92,55,39,13,12,3,96.0,41.0,231,82,470.0,194.0,169.0,25.0,8.5,3.0,1.4
1642883,Sion James,CHA,95,47,36,8,6,1,88.0,34.0,146,47,371.0,137.0,108.0,29.0,5.4,3.5,2.0
1627746,Skal Labissiere,WAS,2,2,2,2,1,1,1.0,0.0,4,1,10.0,6.0,6.0,0.0,4.3,3.0,1.0
1642461,Spencer Jones,DEN,83,56,31,17,4,2,92.0,34.0,52,23,262.0,132.0,112.0,20.0,5.5,3.3,0.8
1630649,Stanley Umude,SAS,0,0,1,1,0,0,,,0,0,1.0,1.0,1.0,0.0,1.0,0.0,0.5
201939,Stephen Curry,GSW,122,84,97,51,96,49,33.0,18.0,451,172,799.0,374.0,230.0,144.0,26.6,3.6,4.7
1642264,Stephon Castle,SAS,304,195,199,78,70,31,58.0,20.0,186,61,817.0,385.0,189.0,196.0,16.7,5.3,7.4
203500,Steven Adams,HOU,107,60,30,9,2,1,0.0,0.0,0,0,139.0,70.0,36.0,34.0,5.8,8.6,1.5
1629004,Svi Mykhailiuk,UTA,64,45,43,23,15,7,102.0,46.0,138,52,362.0,173.0,139.0,34.0,9.4,2.5,1.9
204456,T.J. McConnell,IND,79,54,162,86,159,86,9.0,5.0,41,11,450.0,242.0,81.0,161.0,9.4,2.2,5.1
1643007,Taelon Peter,IND,25,16,4,1,4,2,33.0,9.0,92,32,158.0,60.0,52.0,8.0,4.5,1.6,1.1
201959,Taj Gibson,MEM,9,5,9,4,2,0,5.0,3.0,1,0,26.0,12.0,11.0,1.0,3.4,2.7,0.6
1631106,Tari Eason,HOU,177,112,103,27,41,9,129.0,53.0,129,39,579.0,240.0,157.0,83.0,10.5,6.3,1.5
1627752,Taurean Prince,MIL,17,12,18,7,16,6,70.0,34.0,70,27,191.0,86.0,70.0,16.0,9.2,3.1,1.8
1641707,Taylor Hendricks,MEM,113,72,52,25,6,3,83.0,31.0,101,32,355.0,163.0,133.0,30.0,7.4,3.7,0.9
1629611,Terance Mann,BKN,111,71,67,28,36,13,66.0,25.0,88,31,368.0,168.0,98.0,70.0,7.2,3.2,3.0
1630545,Terrence Shannon Jr,MIN,62,35,21,7,12,4,31.0,9.0,45,22,171.0,77.0,42.0,35.0,5.6,1.1,0.9
203648,Thanasis Antetokounmpo,MIL,18,11,9,4,1,0,3.0,0.0,1,0,32.0,15.0,10.0,5.0,1.4,0.9,0.4
1628418,Thomas Bryant,CLE,90,62,38,24,8,2,28.0,8.0,103,39,267.0,135.0,118.0,17.0,6.2,3.4,0.6
1642275,Tidjane Salaün,CHA,54,37,21,7,1,0,29.0,14.0,54,22,159.0,80.0,68.0,12.0,6.0,4.0,0.7
203501,Tim Hardaway Jr.,DEN,76,48,64,28,89,48,113.0,49.0,437,175,779.0,348.0,297.0,51.0,13.5,2.6,1.4
202699,Tobias Harris,DET,144,85,163,78,129,64,102.0,38.0,121,44,659.0,309.0,195.0,114.0,13.3,5.1,2.5
1643253,Toby Okani,MEM,15,9,17,4,7,3,12.0,2.0,19,7,70.0,25.0,19.0,6.0,10.0,3.5,1.0
1642449,Tolu Smith,DET,27,17,9,1,0,0,0.0,0.0,0,0,36.0,18.0,11.0,7.0,3.7,3.3,0.9
1628396,Tony Bradley,ATL,69,44,34,14,10,4,4.0,2.0,0,0,117.0,64.0,44.0,20.0,4.0,2.8,0.5
1641787,Tosan Evbuomwan,CHA,0,0,1,0,0,0,0.0,0.0,0,0,1.0,0.0,0.0,0.0,0.0,0.4,0.0
1641739,Toumani Camara,POR,200,134,76,29,23,10,185.0,60.0,407,159,891.0,392.0,308.0,84.0,13.4,5.1,2.5
1629027,Trae Young,WAS,32,22,39,19,26,13,8.0,3.0,72,24,177.0,81.0,36.0,45.0,17.9,2.0,8.0
1631218,Trayce Jackson-Davis,TOR,106,65,17,5,0,0,0.0,0.0,0,0,123.0,70.0,51.0,19.0,3.4,2.7,0.7
1642848,Tre Johnson,WAS,63,35,152,66,111,55,57.0,27.0,264,88,647.0,271.0,160.0,111.0,12.2,2.8,2.0
1630200,Tre Jones,CHI,324,224,140,66,23,10,47.0,15.0,83,26,617.0,341.0,181.0,160.0,14.1,3.1,5.4
1630544,Tre Mann,CHA,46,25,64,23,38,11,29.0,11.0,126,39,303.0,109.0,52.0,57.0,5.5,1.7,1.6
1630570,Trendon Watford,PHI,114,76,98,50,6,2,10.0,1.0,40,9,268.0,138.0,77.0,61.0,6.5,3.3,2.5
1642280,Trentyn Flowers,CHI,2,2,0,0,0,0,1.0,0.0,0,0,3.0,2.0,1.0,1.0,2.0,0.5,0.5
1630286,Trevon Scott,BKN,18,11,5,0,8,2,7.0,2.0,12,4,50.0,19.0,14.0,5.0,8.0,5.2,1.7
1631211,Trevor Keels,MIA,2,1,0,0,1,0,1.0,0.0,8,2,12.0,3.0,3.0,0.0,1.0,0.3,0.0
1641725,Trey Alexander,NOP,6,4,10,4,9,5,4.0,2.0,8,4,37.0,19.0,13.0,6.0,5.2,1.2,1.0
1641998,Trey Jemison III,NYK,3,3,6,2,1,1,0.0,0.0,0,0,10.0,6.0,6.0,0.0,1.0,1.4,0.4
1630530,Trey Murphy III,NOP,271,201,155,58,59,21,59.0,29.0,506,185,1050.0,494.0,380.0,114.0,21.5,5.7,3.8
1642400,Tristan Enaruna,CLE,15,11,3,0,0,0,6.0,1.0,4,2,28.0,14.0,11.0,3.0,4.1,1.6,0.8
1641774,Tristan Vukcevic,WAS,68,52,66,36,39,14,9.0,3.0,135,47,317.0,152.0,120.0,32.0,9.0,3.0,1.1
1641783,Tristan da Silva,ORL,130,87,123,54,46,18,124.0,55.0,197,65,620.0,279.0,218.0,61.0,9.9,3.7,1.6
1641803,Tristen Newton,HOU,2,0,1,1,1,1,2.0,1.0,3,1,9.0,4.0,4.0,0.0,12.0,3.0,0.0
1629660,Ty Jerome,MEM,30,16,64,34,21,10,6.0,4.0,94,38,215.0,102.0,28.0,74.0,19.7,2.8,5.7
1631102,TyTy Washington Jr.,LAC,3,2,7,4,1,0,1.0,1.0,7,2,19.0,9.0,5.0,4.0,1.3,0.4,1.1
1631174,Tyler Burton,MEM,27,13,17,7,2,0,13.0,6.0,53,16,112.0,42.0,34.0,8.0,10.8,4.2,1.0
1629639,Tyler Herro,MIA,63,43,166,96,64,24,27.0,8.0,195,76,515.0,247.0,144.0,103.0,20.5,4.8,4.1
1642278,Tyler Kolek,NYK,49,32,66,26,19,6,17.0,8.0,97,36,248.0,108.0,54.0,54.0,4.4,1.6,2.7
1641890,Tyler Smith,DAL,11,9,3,2,1,0,17.0,7.0,18,3,50.0,21.0,16.0,5.0,4.7,2.8,0.4
1631213,Tyrese Martin,PHI,56,41,42,9,14,6,34.0,8.0,131,45,277.0,109.0,74.0,35.0,6.3,2.5,1.7
1630178,Tyrese Maxey,PHI,426,274,294,120,181,79,50.0,17.0,550,204,1501.0,694.0,310.0,384.0,28.3,4.1,6.6
1642878,Tyrese Proctor,CLE,46,29,26,7,22,11,23.0,9.0,108,37,225.0,93.0,51.0,42.0,5.4,1.3,1.5
1630623,Tyson Etienne,BKN,11,4,14,8,12,3,32.0,12.0,76,31,145.0,58.0,44.0,14.0,7.9,1.1,1.7
1626145,Tyus Jones,DEN,20,9,42,19,19,8,33.0,13.0,104,27,218.0,76.0,53.0,23.0,3.0,1.1,2.4
1642845,VJ Edgecombe,PHI,276,168,197,68,136,66,67.0,25.0,354,124,1030.0,451.0,253.0,198.0,16.0,5.6,4.2
1641705,Victor Wembanyama,SAS,386,290,158,65,186,76,29.0,13.0,321,109,1080.0,553.0,388.0,165.0,25.0,11.5,3.1
1631246,Vince Williams Jr.,UTA,40,16,58,25,17,7,34.0,12.0,143,43,292.0,103.0,66.0,37.0,7.5,3.9,4.2
1642884,Vladislav Goldin,MIA,4,3,0,0,0,0,0.0,0.0,0,0,4.0,3.0,3.0,0.0,0.8,1.0,0.3
1630249,Vít Krejčí,POR,44,32,44,25,13,7,84.0,31.0,244,97,429.0,192.0,177.0,15.0,8.5,2.3,1.5
1631117,Walker Kessler,UTA,21,14,8,6,0,0,2.0,2.0,6,4,37.0,26.0,18.0,8.0,14.4,10.8,3.0
1642383,Walter Clayton Jr.,MEM,81,42,99,45,37,15,28.0,7.0,216,68,461.0,177.0,97.0,80.0,7.8,2.0,4.0
1628976,Wendell Carter Jr.,ORL,247,186,103,39,61,29,77.0,25.0,149,47,637.0,326.0,259.0,67.0,11.8,7.4,2.0
1631111,Wendell Moore Jr.,DET,5,4,1,0,0,0,1.0,0.0,0,0,7.0,4.0,2.0,2.0,1.7,1.0,0.7
1642954,Will Richard,GSW,95,75,27,10,12,6,98.0,36.0,114,35,346.0,162.0,131.0,31.0,6.4,2.5,1.3
1642860,Will Riley,WAS,158,113,140,60,73,20,51.0,18.0,196,60,618.0,271.0,155.0,116.0,10.3,2.9,2.0
1630214,Xavier Tillman,CHA,17,10,10,7,1,0,5.0,0.0,13,3,46.0,20.0,15.0,5.0,1.5,1.4,0.4
1642905,Yang Hansen,POR,33,20,21,5,4,1,11.0,1.0,31,4,100.0,31.0,21.0,10.0,2.2,1.5,0.5
1642949,Yanic Konan Niederhäuser,LAC,68,46,25,17,2,0,1.0,0.0,4,1,100.0,64.0,46.0,18.0,4.3,2.9,0.3
1642530,Yuki Kawamura,CHI,6,3,7,3,2,0,9.0,3.0,28,8,52.0,17.0,15.0,2.0,3.4,1.8,2.6
1642274,Yves Missi,NOP,220,137,70,22,3,1,0.0,0.0,1,0,294.0,160.0,100.0,60.0,5.7,5.8,1.3
1642258,Zaccharie Risacher,ATL,180,110,52,26,46,13,83.0,32.0,175,63,536.0,244.0,197.0,47.0,9.6,3.8,1.1
1628380,Zach Collins,CHI,28,22,11,4,4,2,9.0,5.0,12,4,64.0,37.0,32.0,5.0,9.7,5.6,1.5
1641744,Zach Edey,MEM,53,38,38,22,2,1,0.0,0.0,5,1,98.0,62.0,51.0,11.0,13.6,11.1,1.1
203897,Zach LaVine,SAC,120,85,76,38,97,40,53.0,25.0,201,74,547.0,262.0,170.0,92.0,19.2,2.8,2.3
1630192,Zeke Nnaji,DEN,75,53,12,1,10,3,18.0,5.0,36,9,151.0,71.0,59.0,12.0,3.7,2.6,0.6
1630533,Ziaire Williams,BKN,114,75,51,17,17,6,94.0,32.0,157,54,433.0,184.0,147.0,37.0,10.2,2.4,1.1
1629627,Zion Williamson,NOP,548,384,243,93,12,6,0.0,0.0,4,1,807.0,484.0,254.0,230.0,21.0,5.7,3.2
1642389,Zyon Pullin,MIN,5,4,5,4,0,0,0.0,0.0,3,1,13.0,9.0,3.0,6.0,4.6,0.6,1.8
